{"val_loss": [2.3799532929511917, 2.2547361295517176, 2.193382870661069, 2.142127216678776, 2.045205161996084, 2.1212544702503777, 2.6940437734943545, 2.2685543674312227, 2.247479121978969, 2.178907766734084, 2.1946448332642854, 2.1622943584233116, 2.1605105498065686, 2.168342005716611, 2.1894271504389096, 2.197049180122271, 2.2438995805505204, 2.2203613601318777, 2.184478857745863, 2.2197001045697355, 2.168633307496162, 2.205288442846847, 2.192001764088461, 2.2131232986711478, 2.191567695304139, 2.162745188360345, 2.169791718051858, 2.1936996668985445, 2.2120124150628913, 2.1934893131256104, 2.1897038596950167, 2.1638392748898023, 2.1763059635684914, 2.1886360253373236, 2.1882367036114, 2.1875133514404297, 2.199448190323294, 2.147376347894538, 2.1129375549211895, 2.210097218213016, 2.682567625829618, 2.0306598323665255, 1.979140631140095, 1.899323241351402, 1.9340799671329865, 1.8272602786756542, 2.4636185953061873, 1.7604998399133551, 1.793593854120333, 1.806976079940796, 2.689070760387264, 1.8985881511479208, 1.9477195903046491, 1.7418958618216318, 2.0060411283414656, 1.7128641638037276, 1.8191024963169882, 1.7584989136212492, 1.8377166643534621, 1.784264672292422, 1.6926285502028793, 1.7031664489066765, 2.223355632938751, 1.9459950042097536, 1.8805329179110593, 1.882301350162454, 1.7733344999078202, 1.8029751940949323, 2.000709504297335, 2.056905070396319, 1.87414492319708, 1.791923126129255, 1.8100826642284655, 1.6587540564471728, 2.1516382090032917, 1.814740487973984, 2.1722181169954067, 2.3701755706578087, 2.3784898405205714, 2.0239381169619626, 1.8996455179501885, 1.8635762782946026, 2.124239123030885, 1.88621266247475, 2.4476570299226945, 2.7132255541135186, 1.9649193646156624, 2.231538419854151, 2.595419789013797, 2.2269222050496977, 1.826103488059893, 1.8873040708777022, 2.2069587609539294, 2.016393736617206, 1.891223084436704, 2.23957426907265, 2.0625527166340447, 2.175503622995664, 1.9285785564004558, 1.8970381331770387], "val_acc": [0.39041096012886256, 0.39041096012886256, 0.39041096012886256, 0.39041096012886256, 0.3972602745849792, 0.2602739728068652, 0.2191780823959063, 0.39041096012886256, 0.39041096012886256, 0.39041096012886256, 0.39041096012886256, 0.39041096012886256, 0.39041096012886256, 0.39041096012886256, 0.39041096012886256, 0.39041096012886256, 0.39041096012886256, 0.39041096012886256, 0.39041096012886256, 0.39041096012886256, 0.39041096012886256, 0.39041096012886256, 0.39041096012886256, 0.39041096012886256, 0.39041096012886256, 0.39041096012886256, 0.39041096012886256, 0.39041096012886256, 0.39041096012886256, 0.39041096012886256, 0.39041096012886256, 0.39041096012886256, 0.39041096012886256, 0.39041096012886256, 0.39041096012886256, 0.39041096012886256, 0.39041096012886256, 0.39041096012886256, 0.39041096012886256, 0.39041096012886256, 0.39726027519735574, 0.41780822040283516, 0.36986301380069286, 0.4041095892452214, 0.39041095900617234, 0.39726027519735574, 0.39041096012886256, 0.42465753547132834, 0.43835616560831464, 0.43835616560831464, 0.18493150690034643, 0.3972602745849792, 0.39041096012886256, 0.41095890451784, 0.39041096012886256, 0.41780822040283516, 0.41095890451784, 0.4315068525810764, 0.3972602741767282, 0.43835616560831464, 0.4315068501315705, 0.42465753547132834, 0.3698630153316341, 0.42465753547132834, 0.42465753547132834, 0.4315068493150685, 0.4315068501315705, 0.46575342629053823, 0.4315068501315705, 0.36301369985488996, 0.4452054798603058, 0.4452054798603058, 0.46575342506578526, 0.4383561676495696, 0.4657534246575342, 0.4452054798603058, 0.39726027478910475, 0.4657534246575342, 0.4178082199945842, 0.4520547945205479, 0.42465753547132834, 0.4589041099972921, 0.4726027429920353, 0.43835616520006365, 0.4520547945205479, 0.43150685053982146, 0.47945205561102255, 0.4589041104055431, 0.39726027519735574, 0.43835616601656563, 0.3904109591082351, 0.41095890574259303, 0.42465753547132834, 0.46575342588228724, 0.44520548108505875, 0.44520548067680776, 0.38356164506036944, 0.4315068501315705, 0.45890411081379406, 0.5205479443889774], "loss": [2.6388502080076557, 1.9782637034640305, 1.8689603603111122, 1.8285948402067809, 1.7480582947591974, 1.6249922665273755, 1.6908608666824028, 1.969624570876002, 1.8700894354547073, 1.8433972182036673, 1.8360803603717026, 1.8347097600508309, 1.8326321349544754, 1.8298660972719536, 1.8366844711336427, 1.8248028616144563, 1.8243455803005815, 1.835264814043127, 1.8289414010366896, 1.8221110586032245, 1.8253225124925119, 1.8266912616955477, 1.8292915330333939, 1.8256766814514866, 1.8243428515733617, 1.8249486756365663, 1.825661695637384, 1.8237807372421997, 1.8210139930963924, 1.8249182136758113, 1.8233526433925074, 1.830149865273137, 1.8241959616005115, 1.8207545274322274, 1.8223574453929685, 1.8241994607918872, 1.8171401306041108, 1.8079532965583212, 1.783866226775364, 1.7326506087955849, 1.7137650429282343, 1.6786711001273493, 1.6264541089841473, 1.5869460657980183, 1.5221906663214158, 1.5360425751573226, 1.4705645592298557, 1.579168656677979, 1.4627120746347548, 1.3963859285743936, 1.374702189021822, 1.632149391681416, 1.5229466540122318, 1.4760703326907412, 1.4258829576073544, 1.3952081618546213, 1.3734180866956303, 1.3577806182831884, 1.321493100751939, 1.3049315099650753, 1.3252843268739625, 1.2736441870291892, 1.2608220554747671, 1.2785872263932923, 1.1952806764360562, 1.1953754290094916, 1.2920503011085156, 1.1420981468917166, 1.1634309082252083, 1.1493087902690697, 1.2097224385619776, 1.16675397216967, 1.09294682935417, 1.0489420306007817, 1.0363007684719092, 1.0673072274716804, 1.0371834769666093, 1.0136854676194298, 0.9788161714530932, 1.0636247272761363, 1.0246916819191305, 1.041174238582827, 0.9282806965028851, 0.9898383464044405, 0.8961670606766107, 0.9614969223073171, 0.9778607267867231, 0.9488788001737709, 0.8101045890083444, 1.0242448679169904, 1.2949700447543817, 1.2275122024796226, 1.122495365388193, 1.0860109306731314, 1.1324905903425266, 1.0861757621552481, 1.1019611256404767, 1.0821326044779493, 1.0023365695521516, 0.9110121686094621],