{"val_loss": [1.9852067221343788, 2.003018560992107, 1.9889301104782933, 1.9591381727840027, 1.957283773033867, 1.960894203293917, 1.9537818642223583, 1.9647002813503214, 1.9689677198548123, 1.9686319137590502, 1.9664702561106617, 1.963761395458722, 1.9542745982899385, 1.9613932862001306, 1.9677684220793021, 1.962157561768234, 1.958713234819438, 1.9563121272428003, 1.9579192426949066, 1.9560942676811737, 1.9840454602133635, 1.955734108368196, 1.9562698225090407, 1.968421835705166, 1.9540695707183078, 1.9540135596132926, 1.962316982346962, 1.9614619847336505, 1.9656967086489923, 1.9581268615852114, 1.9559924467656407, 1.9574118183748754, 1.9567456078205714, 1.9566034801405479, 1.9556083819445442, 1.9625216776429257, 1.966482137123384, 1.9557298265431262, 1.9595842280538913, 1.9580884610905367, 1.9566253046104811, 1.9586327011229225, 1.957577628247878, 1.963515280598429, 1.958566319349125, 1.9597254732615268, 1.9558907267195067, 1.9661030159816484, 1.9579475303580858, 1.9611012450170733, 1.9629011742130125, 1.9604110647650326, 1.9653816622306859, 1.9585706901766056, 1.9601557200850406, 1.960658374415264, 1.9593567012122315, 1.9610440623166874, 1.9583518003446485, 1.9632655883806323, 1.9567504301330083, 1.9602379286451037, 1.9596176508864667, 1.9604169729068808, 1.955803141335017, 1.9588581167195178, 1.9584394585492924, 1.9598881211216095, 1.9565574448572565, 1.9562354168740872, 1.9597527916075417, 1.9617643448022695, 1.9596361828066104, 1.964313980680785, 1.969912488536058, 1.9590787585504454, 1.9618834327248966, 1.9632421413697807, 1.9646508742241837, 1.9597888235592735, 1.9600029790023872, 1.961806259004239, 1.959076166152954, 1.954808801008026, 1.9607625525461603, 1.9583670947346752, 1.95898826251742, 1.9599688085495617, 1.965647109493411, 1.958417452298678, 1.9580071490274835, 1.9585357926010547, 1.9562533802576194, 1.9634423191191384, 1.9585158199206736, 1.9601252915093261, 1.9594963697286754, 1.9605362765929277, 1.9601577401700603, 1.959810243472794], "val_acc": [0.48642533950136796, 0.48642533950136796, 0.48642533950136796, 0.48642533950136796, 0.48642533950136796, 0.48642533950136796, 0.48642533950136796, 0.48642533950136796, 0.48642533950136796, 0.48642533950136796, 0.48642533950136796, 0.48642533950136796, 0.48642533950136796, 0.48642533950136796, 0.48642533950136796, 0.48642533950136796, 0.48642533950136796, 0.48642533950136796, 0.48642533950136796, 0.48642533950136796, 0.48642533950136796, 0.48642533950136796, 0.48642533950136796, 0.48642533950136796, 0.48642533950136796, 0.48642533950136796, 0.48642533950136796, 0.48642533950136796, 0.48642533950136796, 0.48642533950136796, 0.48642533950136796, 0.48642533950136796, 0.48642533950136796, 0.48642533950136796, 0.48642533950136796, 0.48642533950136796, 0.48642533950136796, 0.48642533950136796, 0.48642533950136796, 0.48642533950136796, 0.48642533950136796, 0.48642533950136796, 0.48642533950136796, 0.48642533950136796, 0.48642533950136796, 0.48642533950136796, 0.48642533950136796, 0.48642533950136796, 0.48642533950136796, 0.48642533950136796, 0.48642533950136796, 0.48642533950136796, 0.48642533950136796, 0.48642533950136796, 0.48642533950136796, 0.48642533950136796, 0.48642533950136796, 0.48642533950136796, 0.48642533950136796, 0.48642533950136796, 0.48642533950136796, 0.48642533950136796, 0.48642533950136796, 0.48642533950136796, 0.48642533950136796, 0.48642533950136796, 0.48642533950136796, 0.48642533950136796, 0.48642533950136796, 0.48642533950136796, 0.48642533950136796, 0.48642533950136796, 0.48642533950136796, 0.48642533950136796, 0.48642533950136796, 0.48642533950136796, 0.48642533950136796, 0.48642533950136796, 0.48642533950136796, 0.48642533950136796, 0.48642533950136796, 0.48642533950136796, 0.48642533950136796, 0.48642533950136796, 0.48642533950136796, 0.48642533950136796, 0.48642533950136796, 0.48642533950136796, 0.48642533950136796, 0.48642533950136796, 0.48642533950136796, 0.48642533950136796, 0.48642533950136796, 0.48642533950136796, 0.48642533950136796, 0.48642533950136796, 0.48642533950136796, 0.48642533950136796, 0.48642533950136796, 0.48642533950136796], "loss": [2.247174183055379, 1.8719627100259622, 1.8620777374347455, 1.8556567441965135, 1.8513834736882864, 1.850113403210211, 1.8498343386485472, 1.8546062991250756, 1.8479655358369025, 1.85312988283139, 1.8464373136956473, 1.8508017436892688, 1.8510941785138815, 1.8495525750455442, 1.8462200096656052, 1.848152507005874, 1.8488824097666285, 1.8486249500165637, 1.8469882981549162, 1.8465837584961318, 1.8434944561665247, 1.8477402388476085, 1.8474436833079952, 1.8431997013146013, 1.8467131522528923, 1.8468232701306433, 1.8429127354775705, 1.846242563563953, 1.8449737339554093, 1.845774219409854, 1.843570842942614, 1.8472973899647012, 1.8463090346503137, 1.8463676547896208, 1.8449587309906965, 1.844527362360412, 1.8435457915860378, 1.8448589806106042, 1.8425290799775094, 1.8453799859237454, 1.8440617842396303, 1.8433505914004833, 1.8456973619358514, 1.8448132329831775, 1.843745999371324, 1.845337029831114, 1.8455495784427058, 1.8417924581845062, 1.8444159530824231, 1.844560601985178, 1.8440346029024712, 1.8449679223844813, 1.8434149090961744, 1.841505858543301, 1.8426600901096908, 1.8431899517892645, 1.8426600996221467, 1.8425718890655898, 1.8443022152091664, 1.8445289481745377, 1.8446383829769875, 1.8429583160635705, 1.8453183750952444, 1.8435703929562184, 1.8433763257648963, 1.8426885015221053, 1.8432392634168884, 1.842819870429047, 1.843939093998346, 1.8445016789989548, 1.8439917376166897, 1.8446480698955214, 1.8437772369951466, 1.8427921921503903, 1.843024641022415, 1.845398374310846, 1.8431048626001096, 1.8428669390060433, 1.841958529947839, 1.843941235582776, 1.842821368067428, 1.8411014038894429, 1.8424535978292433, 1.8435843541383339, 1.8431435301942074, 1.8427904757255205, 1.8435078640070486, 1.8432346624915183, 1.8422127727336917, 1.841335858203087, 1.8435709106766982, 1.841758027208951, 1.8440067195325633, 1.841813069652823, 1.8429874679296112, 1.8428213694841766, 1.844436471382642, 1.844407093207851, 1.8437638204517375, 1.8430597266708313],