{"val_loss": [1.880876940123889, 1.483257934998493, 1.4515570441070869, 1.4743595546605637, 1.4279427489455865, 2.527220007838035, 1.5679836166148282, 1.4757467892705178, 1.4260574657089857, 1.5734369715865777, 1.4630276524290746, 1.4070947749274119, 1.3811469399199194, 1.346958133152553, 1.4245033210637619, 1.3916453736168997, 1.4340854946447879, 1.3646928091438448, 1.2990354640143258, 1.3262645497614023, 1.3286177163221398, 1.3514818901918373, 1.35808855222196, 1.317974720195848, 1.36803173970203, 1.2981082541601998, 1.3268314332378155, 1.4199729598298365, 1.379481652318215, 1.3480908797711741, 1.445935275603314, 1.4398099422454833, 1.279964776914947, 1.369067061677271, 1.2998917642904788, 1.3562807817848361, 1.3934276201287095, 1.275559427300278, 1.3017365231805917, 1.3443591550904876, 1.3980866490578165, 1.378302535718801, 1.3325341891269296, 1.3266438751804586, 1.364247270992824, 1.3102742895788075, 1.4062879538049504, 1.30412683973507, 1.3457634317631624, 1.2631371031002123, 1.3787094953108807, 1.2559435207016614, 1.380412534791596, 1.285030475927859, 1.3515757263923178, 1.287939005968522, 1.4501985209328787, 1.4049957406764129, 1.3187336911960523, 1.3728201759104826, 1.3195222066373242, 1.3638963485250668, 1.3062855010129968, 1.3816874606268748, 1.240196409517405, 1.3492978543651348, 1.3151119139729714, 1.5659791892888595, 1.2634403394193066, 1.2971799612045287, 1.3502122227026492, 1.2867151571779836, 1.296902160741845, 1.3273528751061887, 1.4115605578130606, 1.321990814987494, 1.4345418939785082, 1.3039421830858504, 1.4258132428539043, 1.3998545233084232, 1.3008516983110077, 1.3720344290441395, 1.3372428027950987, 1.3294576907644466, 1.308585550347153, 1.2540214193110564, 1.3829615933554513, 1.3097434155795038, 1.3582172116454767, 1.3088054778624554, 1.4564874936123284, 1.514471511938134, 1.29440971880543, 1.2861491772593283, 1.3778253321744958, 1.3707569608882981, 1.4030876222921878, 1.4289828164236886, 1.39422268429581, 1.2586660458117116], "val_acc": [0.4877551019191742, 0.568367347425344, 0.5602040821192216, 0.5551020410596108, 0.5734693872685335, 0.4877551019191742, 0.49387755102040815, 0.5551020413028951, 0.4979591841600379, 0.4326530612244898, 0.5061224491012339, 0.5183673474253441, 0.5612244902824869, 0.5755102045682012, 0.47755102065144756, 0.5163265303689606, 0.5122448980808259, 0.565306121962411, 0.5673469392620787, 0.5387755106906502, 0.5551020410596108, 0.5693877546154723, 0.5785714290579971, 0.572448979835121, 0.5632653066090175, 0.5561224494661604, 0.5316326530612245, 0.5040816326530613, 0.5540816321664926, 0.5693877555886093, 0.5142857145289985, 0.5316326533045087, 0.5785714290579971, 0.5734693882416706, 0.5928571433437114, 0.5581632657926909, 0.5622448974726152, 0.5632653063657332, 0.5612244902824869, 0.5765306117583294, 0.5530612249763645, 0.5510204086498338, 0.5602040818759373, 0.5836734696310394, 0.5602040818759373, 0.6030612240032274, 0.5683673469387756, 0.5469387755102041, 0.5622448977158994, 0.5714285711852871, 0.5846938770644519, 0.5785714290579971, 0.5877551022841006, 0.6020408165698149, 0.5642857145289986, 0.6020408165698149, 0.5224489793485525, 0.4948979593053156, 0.5489795918367347, 0.563265306122449, 0.5612244899175605, 0.5897959186106312, 0.5724489793485524, 0.5489795915934504, 0.5846938774293783, 0.5653061222056953, 0.609183673712672, 0.5428571428571428, 0.5877551017975321, 0.6000000004865685, 0.5979591841600379, 0.5908163265306122, 0.5795918367346938, 0.5704081635085904, 0.5785714288147128, 0.568367347425344, 0.540816326287328, 0.5846938777943047, 0.5969387757534883, 0.5663265308555292, 0.6051020405730423, 0.5795918364914097, 0.5714285711852871, 0.5989795923233032, 0.608163265792691, 0.58571428595757, 0.5448979591836735, 0.6000000002432843, 0.57142857191514, 0.5969387752669199, 0.58571428595757, 0.5510204079199811, 0.6051020405730423, 0.6081632655494067, 0.5704081635085904, 0.5877551020408164, 0.5744897959183674, 0.5673469387755102, 0.5846938775510204, 0.5693877548587566], "loss": [2.003197629597722, 1.6461637959188344, 1.4534360725052502, 1.399613376053012, 1.3822776273805268, 1.3501549540733804, 1.3860920329483188, 1.293114171709333, 1.2775927358744095, 1.2612833422057483, 1.2397808437444726, 1.230023625918797, 1.20669693411613, 1.1961350095515348, 1.1852977572655192, 1.1736411899936443, 1.15038801893896, 1.1681788707266048, 1.144695756873306, 1.1226211603806944, 1.1270030337937025, 1.1093368763826332, 1.1106554882866995, 1.0971883005025436, 1.0935265507016863, 1.0865208316822441, 1.0737681773244119, 1.0414972134998866, 1.0465681445841886, 1.033138896007927, 1.039749382466686, 1.0461209078224338, 1.0363230267349555, 1.007377435236561, 1.0067688856806074, 0.9982183154748411, 0.9945545033532746, 0.9881359917776925, 0.991503246463075, 0.9836145941092044, 0.9625211404294384, 0.9693114828090279, 0.9615185898177477, 0.951443651257729, 0.9404936656659963, 0.9360832306803489, 0.9293270724160331, 0.9350061883731764, 0.9457660042509741, 0.9319085320647882, 0.927376858798825, 0.9276880196162632, 0.924256566349341, 0.8972832599464728, 0.9184562967748058, 0.919467493952537, 0.8799418218281805, 0.8952157404957986, 0.9018903559567977, 0.8777930541914336, 0.8739525230563416, 0.8805662743899287, 0.8807136360479861, 0.9028739574004193, 0.8723486048834664, 0.8753868158982725, 0.8512711979904953, 0.8389624505626913, 0.8931078402363524, 0.8467105600298668, 0.8642827128877445, 0.8432314264531038, 0.8576412186330679, 0.862424414985034, 0.8681421133936668, 0.87433404046662, 0.85576101760475, 0.8243695171511903, 0.822692089907977, 0.8475588584432796, 0.8227410997663226, 0.8220557575323144, 0.8121725216203807, 0.7867142283186621, 0.8357396571003661, 0.8294764214632463, 0.8044710081450793, 0.7927526809731308, 0.8014161826396475, 0.7972751174654279, 0.8037864833461995, 0.805766262570206, 0.7919607347371627, 0.7901614082102872, 0.8146901485871295, 0.8373675010642226, 0.8028651874892566, 0.7839688089429115, 0.784814378558373, 0.7836545207062546], "acc": [0.4846938775510204, 0.5158163265306123, 0.5380102040816327, 0.5405612244897959, 0.5385204081632653, 0.5479591836734694, 0.5448979591836735, 0.5471938775510204, 0.5510204081632653, 0.5497448979591837, 0.5479591836734694, 0.5528061224489796, 0.5630102040816326, 0.5678571428571428, 0.5668367346938775, 0.563265306122449, 0.5670918367346939, 0.5701530612244898, 0.5826530612244898, 0.5744897959183674, 0.576530612244898, 0.5803571428571429, 0.5862244897959183, 0.5857142857142857, 0.5938775510204082, 0.6020408163265306, 0.5943877551020408, 0.6089285714285714, 0.6045918367346939, 0.6086734693877551, 0.6053571428571428, 0.6051020408163266, 0.5994897959183674, 0.6216836734693878, 0.6191326530612244, 0.614030612244898, 0.6170918367346939, 0.6209183673469387, 0.6191326530612244, 0.6183673469387755, 0.6311224489795918, 0.6209183673469387, 0.6247448979591836, 0.6224489795918368, 0.6329081632653061, 0.6329081632653061, 0.6283163265306122, 0.639030612244898, 0.6471938775510204, 0.6329081632653061, 0.6395408163265306, 0.6451530612244898, 0.6433673469387755, 0.65, 0.6464285714285715, 0.6489795918367347, 0.6558673469387755, 0.6573979591836735, 0.6502551020408164, 0.6561224489795918, 0.6584183673469388, 0.6701530612244898, 0.661734693877551, 0.6428571428571429, 0.6579081632653061, 0.6691326530612245, 0.6673469387755102, 0.6801020408163265, 0.6589285714285714, 0.6721938775510204, 0.6594387755102041, 0.6744897959183673, 0.6637755102040817, 0.6642857142857143, 0.6683673469387755, 0.6673469387755102, 0.6596938775510204, 0.6813775510204082, 0.6798469387755102, 0.675, 0.676530612244898, 0.6698979591836735, 0.6795918367346939, 0.6920918367346939, 0.6721938775510204, 0.6729591836734694, 0.689795918367347, 0.6982142857142857, 0.6931122448979592, 0.6887755102040817, 0.6903061224489796, 0.6811224489795918, 0.6933673469387756, 0.6971938775510204, 0.6803571428571429, 0.6752551020408163, 0.6887755102040817, 0.6987244897959184, 0.6928571428571428, 0.6987244897959184]}