{"val_loss": [2.305302819160566, 1.7542951302985623, 1.7655102030871666, 1.788546038000551, 1.8062837973032912, 1.765558366906153, 1.7806416276383072, 1.7522075519169846, 1.7537166468084675, 1.7764996910748416, 1.738196118237221, 1.7892338021160805, 1.7612336661717662, 1.7737071693760076, 1.7568412578269228, 1.7522587759854042, 1.7822219982539138, 1.7723184285098559, 1.7490397250815615, 1.7604010121463096, 1.7489763596286512, 1.7669515691391409, 1.762640946531949, 1.7592869948034418, 1.7684259267702496, 1.760942377456247, 1.7655624820761484, 1.7658412848433402, 1.7564964621034387, 1.7548327005072817, 1.7514182884399205, 1.7672142933492792, 1.7662396512619436, 1.749002019019976, 1.7850091702317539, 1.7460585097744041, 1.772888918445535, 1.7483752769966647, 1.7759679327272389, 1.7732347527595416, 1.7579980043515766, 1.7483478555940601, 1.775329537587623, 1.7640995669038328, 1.7504889458826143, 1.7632177398629385, 1.7744040505526817, 1.776342163347218, 1.751800871875188, 1.7535861632595324, 1.748931842307522, 1.7502500096412554, 1.759932617618613, 1.7661060552074486, 1.7598382708144515, 1.754199798793009, 1.7644454012178394, 1.7619974188608667, 1.7647737166652941, 1.7552950627183261, 1.752066476704323, 1.7598271239293766, 1.7527895414665953, 1.7605098077695664, 1.7580278099399724, 1.7592868478330848, 1.7559223762930256, 1.762259653169815, 1.752118853673543, 1.7443031105276656, 1.7482452180287609, 1.759708138361369, 1.7587100904281825, 1.7596741506498155, 1.7444561474943814, 1.7647963566322848, 1.7470157881305641, 1.7435307094495591, 1.7804996444754404, 1.7560531733787224, 1.7561729182935741, 1.7536691051639923, 1.7565071501143992, 1.7521115280177495, 1.758537808509722, 1.7487161028875065, 1.7465317412598493, 1.747678627706554, 1.7659183316034814, 1.7574653952089074, 1.768211549275542, 1.7573929094288447, 1.7556727324446586, 1.7577555326566303, 1.7599607428459272, 1.7573715579019833, 1.7581277416176992, 1.7499543657041576, 1.7436384093271542, 1.759116380182031], "val_acc": [0.5547945238139531, 0.5547945238139531, 0.5547945238139531, 0.5547945238139531, 0.5547945238139531, 0.5547945238139531, 0.5547945238139531, 0.5547945238139531, 0.5547945238139531, 0.5547945238139531, 0.5547945238139531, 0.5547945238139531, 0.5547945238139531, 0.5547945238139531, 0.5547945238139531, 0.5547945238139531, 0.5547945238139531, 0.5547945238139531, 0.5547945238139531, 0.5547945238139531, 0.5547945238139531, 0.5547945238139531, 0.5547945238139531, 0.5547945238139531, 0.5547945238139531, 0.5547945238139531, 0.5547945238139531, 0.5547945238139531, 0.5547945238139531, 0.5547945238139531, 0.5547945238139531, 0.5547945238139531, 0.5547945238139531, 0.5547945238139531, 0.5547945238139531, 0.5547945238139531, 0.5547945238139531, 0.5547945238139531, 0.5547945238139531, 0.5547945238139531, 0.5547945238139531, 0.5547945238139531, 0.5547945238139531, 0.5547945238139531, 0.5547945238139531, 0.5547945238139531, 0.5547945238139531, 0.5547945238139531, 0.5547945238139531, 0.5547945238139531, 0.5547945238139531, 0.5547945238139531, 0.5547945238139531, 0.5547945238139531, 0.5547945238139531, 0.5547945238139531, 0.5547945238139531, 0.5547945238139531, 0.5547945238139531, 0.5547945238139531, 0.5547945238139531, 0.5547945238139531, 0.5547945238139531, 0.5547945238139531, 0.5547945238139531, 0.5547945238139531, 0.5547945238139531, 0.5547945238139531, 0.5547945238139531, 0.5547945238139531, 0.5547945238139531, 0.5547945238139531, 0.5547945238139531, 0.5547945238139531, 0.5547945238139531, 0.5547945238139531, 0.5547945238139531, 0.5547945238139531, 0.5547945238139531, 0.5547945238139531, 0.5547945238139531, 0.5547945238139531, 0.5547945238139531, 0.5547945238139531, 0.5547945238139531, 0.5547945238139531, 0.5547945238139531, 0.5547945238139531, 0.5547945238139531, 0.5547945238139531, 0.5547945238139531, 0.5547945238139531, 0.5547945238139531, 0.5547945238139531, 0.5547945238139531, 0.5547945238139531, 0.5547945238139531, 0.5547945238139531, 0.5547945238139531, 0.5547945238139531], "loss": [2.678256964806218, 2.1546459645799665, 1.9756600640036843, 1.9473847371636288, 1.944635574854463, 1.9638431417798914, 1.9301785760228467, 1.9376099984805335, 1.938366814297632, 1.9369289286140716, 1.9369037361946564, 1.9365559912464017, 1.9330060993214209, 1.9341578647162043, 1.932717834901237, 1.9371776846628859, 1.925744170799059, 1.9305211217693767, 1.9333959296473509, 1.9356644407144745, 1.9301430768050625, 1.9349215179937373, 1.9298832044388785, 1.92782247291421, 1.9282785373936386, 1.9317057347420354, 1.9290364117810492, 1.9305806928801497, 1.9312470709684577, 1.9280228929699592, 1.9281849816160381, 1.929788187887411, 1.9304106893915665, 1.9244288846109172, 1.9306522033226838, 1.9264953150757385, 1.9335262147680974, 1.9284716838424447, 1.923021205907007, 1.9255882881926836, 1.9252747258436618, 1.9299565036341828, 1.9265701267772433, 1.926700279193309, 1.9236650241995759, 1.9265068894185087, 1.9275776260304, 1.9342678640146402, 1.930712039433867, 1.9265643617914634, 1.9249893680444916, 1.9315726159980735, 1.9229068067020658, 1.9231977411649648, 1.926500877835125, 1.9258831528815765, 1.9269474276547571, 1.927973514151205, 1.9270914206169483, 1.9274700751231015, 1.9253060290171393, 1.926296369698199, 1.9245547777997078, 1.9242371384111931, 1.923272415663325, 1.920596487935166, 1.921799894262546, 1.9250673812208616, 1.9236997537711062, 1.9231659343680223, 1.922172314306884, 1.9246535094688115, 1.9246136635081845, 1.9206593132755154, 1.9231143942419089, 1.9215802900991554, 1.9259239602865936, 1.926628638704277, 1.9238326819437854, 1.939254444009444, 1.9219804309040154, 1.9261907406573027, 1.9248723987854162, 1.9226832469577038, 1.9253610497273466, 1.9218327078974677, 1.9229040751121875, 1.9248829636320242, 1.9250619121113117, 1.928468460693163, 1.9258232118743974, 1.9230247551949111, 1.9224286741907763, 1.9270072369796334, 1.9248908095662427, 1.9223825052303884, 1.923654300884358, 1.9210605365743358, 1.9217052582402172, 1.923650109338515],