{"val_loss": [1.77497923714774, 1.756864088408801, 1.7512673961872958, 1.760244372426247, 1.7561366061775052, 1.7812129108273254, 1.7498793446287817, 1.7684284706504978, 1.7638491173179782, 1.7739203297362036, 1.7493750825220225, 1.7628404033427336, 1.751306087143567, 1.755188310389616, 1.7489454678126743, 1.766236466777568, 1.7662571751341527, 1.7631465600461376, 1.7616755135205326, 1.759304415449804, 1.7559299936099928, 1.7549950667790004, 1.7532171648375843, 1.7489186676181092, 1.7657941594415782, 1.7679143224443707, 1.7585513698811435, 1.7700023466227006, 1.7536819711023448, 1.7592929421638956, 1.7540168275638504, 1.752410312574737, 1.7617269447871617, 1.7534431632684202, 1.7565053093190095, 1.7671613887864717, 1.7645085208270015, 1.7708271474254376, 1.7548118279904736, 1.7793483539503447, 1.7731640971436793, 1.754380889814727, 1.769481831180806, 1.7618443995105977, 1.76200446595951, 1.7480518691393794, 1.7550165984095358, 1.7601701191493444, 1.756295278121014, 1.744608549195893, 1.7655600713223827, 1.7650819486501266, 1.7512825333342261, 1.7708818260504275, 1.7516343116760253, 1.7683200524777782, 1.7536077314493608, 1.7496981815415986, 1.755988476227741, 1.7535537223426663, 1.7685145553277464, 1.7580222441225635, 1.763783715695751, 1.7668056059856805, 1.7611524854387557, 1.7498741169365084, 1.7615004364325075, 1.7250323577803008, 1.6951211418424335, 1.695839743224942, 1.6666672735798116, 1.6534587699539807, 1.64817600298901, 1.8100344219986273, 1.583978245696243, 1.5648984252190103, 1.5506842408861432, 1.7417611131862718, 1.5247000246631857, 1.5001836694016748, 1.5278704361039765, 1.46819383757455, 1.486591185355673, 1.4875681127820697, 1.5453301750883763, 1.4307081227399865, 1.4184206023508188, 1.4164080454378711, 1.4563437977615667, 1.5175009956165235, 1.4298665445678087, 1.457379182504148, 1.4028255185302423, 1.4514621068020257, 1.4043798232565121, 1.4665182605081675, 1.4571855739671358, 1.4647519306260712, 1.416346702770311, 1.388907174674832], "val_acc": [0.5510204079199811, 0.5510204079199811, 0.5510204079199811, 0.5510204079199811, 0.5510204079199811, 0.5510204079199811, 0.5510204079199811, 0.5510204079199811, 0.5510204079199811, 0.5510204079199811, 0.5510204079199811, 0.5510204079199811, 0.5510204079199811, 0.5510204079199811, 0.5510204079199811, 0.5510204079199811, 0.5510204079199811, 0.5510204079199811, 0.5510204079199811, 0.5510204079199811, 0.5510204079199811, 0.5510204079199811, 0.5510204079199811, 0.5510204079199811, 0.5510204079199811, 0.5510204079199811, 0.5510204079199811, 0.5510204079199811, 0.5510204079199811, 0.5510204079199811, 0.5510204079199811, 0.5510204079199811, 0.5510204079199811, 0.5510204079199811, 0.5510204079199811, 0.5510204079199811, 0.5510204079199811, 0.5510204079199811, 0.5510204079199811, 0.5510204079199811, 0.5510204079199811, 0.5510204079199811, 0.5510204079199811, 0.5510204079199811, 0.5510204079199811, 0.5510204079199811, 0.5510204079199811, 0.5510204079199811, 0.5510204079199811, 0.5510204079199811, 0.5510204079199811, 0.5510204079199811, 0.5510204079199811, 0.5510204079199811, 0.5510204079199811, 0.5510204079199811, 0.5510204079199811, 0.5510204079199811, 0.5510204079199811, 0.5510204079199811, 0.5510204079199811, 0.5510204079199811, 0.5510204079199811, 0.5510204079199811, 0.5510204079199811, 0.5510204079199811, 0.5510204079199811, 0.5510204079199811, 0.5510204079199811, 0.5510204079199811, 0.5510204079199811, 0.5510204079199811, 0.5510204079199811, 0.5510204079199811, 0.5795918369779781, 0.5653061222056953, 0.5816326533045088, 0.5571428568995729, 0.567346938532226, 0.5714285714285714, 0.5683673466954913, 0.5734693875118178, 0.5591836732261035, 0.5663265303689606, 0.560204081632653, 0.6000000002432843, 0.5887755102040816, 0.6020408165698149, 0.5928571431004271, 0.5918367349371618, 0.5877551020408164, 0.5806122451412434, 0.5857142857142857, 0.5704081630220219, 0.5857142857142857, 0.5612244900392026, 0.577551020164879, 0.575510204324917, 0.5938775512636925, 0.5918367349371618], "loss": [2.0794606004442486, 1.9387957329652747, 1.9345391964425847, 1.9311562465161694, 1.93101273677787, 1.9289359190026107, 1.9285934900750918, 1.9296013895346193, 1.9273404841520347, 1.928973235889357, 1.9278732387387023, 1.9287289244788033, 1.9284684288258456, 1.9280788859542535, 1.9265322237598652, 1.926645244870867, 1.9258872898257509, 1.9259653062236552, 1.9253758844064206, 1.9258473128688578, 1.9272463905568025, 1.925170706242931, 1.9251942483746276, 1.925347519407467, 1.9259116990225655, 1.9269597909888443, 1.9270177938500228, 1.9260042998255515, 1.9256686522036182, 1.9247965160681277, 1.9248632937061543, 1.9257050363384947, 1.9251642003351328, 1.9242927123089226, 1.924415879833455, 1.9244806221553257, 1.9239261899675641, 1.9234822302448507, 1.926160566174254, 1.9246465614863804, 1.9252723275398722, 1.9246002674102782, 1.924707151918995, 1.9238744210223762, 1.9234377569081833, 1.9232195610902747, 1.9226267921681306, 1.9243204019507583, 1.924516555241176, 1.9235464976758374, 1.9242624599106457, 1.9249437059674943, 1.9245823208166628, 1.9246740000588554, 1.9247201763853734, 1.9241175340146435, 1.9241816608273252, 1.9244542598724366, 1.9239287318015585, 1.9236731013473198, 1.9231248991830008, 1.9234733416109668, 1.9224958142455744, 1.9214544189219571, 1.924405263881294, 1.923373454930831, 1.9214926301216593, 1.917252931789476, 1.906652763911656, 1.9028203000827713, 1.8922120921465815, 1.8835550940766626, 1.8744293757847377, 1.8433239377274806, 1.8356859382317992, 1.7586981403584383, 1.7371781592466393, 1.709072638044552, 1.6816100626575703, 1.642828996814027, 1.6365582398005893, 1.6172345959410375, 1.5978694288098083, 1.5864080297703647, 1.5725624045547173, 1.5760790328590237, 1.565691836999387, 1.5460209987601456, 1.5438479851703255, 1.5317079028304743, 1.5285373896968608, 1.518774636910886, 1.5303639913091853, 1.4996681154990683, 1.4970621011695084, 1.5073392031144122, 1.4990077583157286, 1.4872678197160059, 1.4856827852677326, 1.4564014741352627], "acc": [0.46785714285714286, 0.4688775510204082, 0.4688775510204082, 0.4688775510204082, 0.4688775510204082, 0.4688775510204082, 0.4688775510204082, 0.4688775510204082, 0.4688775510204082, 0.4688775510204082, 0.4688775510204082, 0.4688775510204082, 0.4688775510204082, 0.4688775510204082, 0.4688775510204082, 0.4688775510204082, 0.4688775510204082, 0.4688775510204082, 0.4688775510204082, 0.4688775510204082, 0.4688775510204082, 0.4688775510204082, 0.4688775510204082, 0.4688775510204082, 0.4688775510204082, 0.4688775510204082, 0.4688775510204082, 0.4688775510204082, 0.4688775510204082, 0.4688775510204082, 0.4688775510204082, 0.4688775510204082, 0.4688775510204082, 0.4688775510204082, 0.4688775510204082, 0.4688775510204082, 0.4688775510204082, 0.4688775510204082, 0.4688775510204082, 0.4688775510204082, 0.4688775510204082, 0.4688775510204082, 0.4688775510204082, 0.4688775510204082, 0.4688775510204082, 0.4688775510204082, 0.4688775510204082, 0.4688775510204082, 0.4688775510204082, 0.4688775510204082, 0.4688775510204082, 0.4688775510204082, 0.4688775510204082, 0.4688775510204082, 0.4688775510204082, 0.4688775510204082, 0.4688775510204082, 0.4688775510204082, 0.4688775510204082, 0.4688775510204082, 0.4688775510204082, 0.4688775510204082, 0.4688775510204082, 0.4688775510204082, 0.4688775510204082, 0.4688775510204082, 0.4688775510204082, 0.4688775510204082, 0.4688775510204082, 0.4688775510204082, 0.4688775510204082, 0.4688775510204082, 0.4688775510204082, 0.4688775510204082, 0.4673469387755102, 0.5056122448979592, 0.5056122448979592, 0.5086734693877552, 0.5084183673469388, 0.5158163265306123, 0.5204081632653061, 0.5155612244897959, 0.5160714285714286, 0.5193877551020408, 0.5288265306122449, 0.5244897959183673, 0.5247448979591837, 0.5262755102040816, 0.525765306122449, 0.5237244897959183, 0.5306122448979592, 0.5244897959183673, 0.5285714285714286, 0.525765306122449, 0.5293367346938775, 0.5247448979591837, 0.5221938775510204, 0.5303571428571429, 0.5288265306122449, 0.5272959183673469]}