{"val_loss": [1.9015901223668512, 1.8892377052667007, 1.89370555697747, 1.885320209107309, 1.8978999785657198, 1.9107758144162736, 1.8777228706287887, 1.8908579484471735, 1.8694524540091462, 1.8870325628316627, 1.8920491371514663, 1.889357494858076, 1.8836252059576646, 1.8815451882920176, 1.898448534731595, 1.8135748944192562, 1.780294193411773, 1.6850482202925772, 1.878095415403258, 1.8855717901913625, 1.8831143244257513, 1.8792590105308677, 1.8885217747598324, 1.8769970704924386, 1.896251696460652, 1.8926845541540183, 1.8945844038477484, 1.8859392022186856, 1.8853057960294328, 1.8860528738993518, 1.8780298278016865, 1.8793998484341603, 1.887483146955382, 1.87853660223619, 1.897422268705548, 1.89458041820886, 1.8816448157688357, 1.8806089275288131, 1.8894929031156145, 1.8911368801908672, 1.8852557776109227, 1.8777898077694875, 1.8791611014672045, 1.8959013111186478, 1.879981481804038, 1.8760081552109629, 1.8737173485306073, 1.87388269856291, 1.8316163207000156, 1.693061203326819, 1.6845512075244256, 1.6202089111759979, 1.5555379098316409, 1.5210359501388837, 1.4676951867229533, 1.4730147145829111, 1.4635324050795357, 1.4650081508564499, 1.4662783010950629, 1.4643942590029735, 1.4552942199527092, 1.4580419918276228, 1.455361249311915, 1.4616607607535597, 1.4173148353144807, 1.4931029148821562, 1.3796602689994957, 1.428853433087187, 1.4343166126395173, 1.4226477168641, 1.4356594175662634, 1.4005541688991043, 1.4518425284691576, 1.3936134779228355, 1.3672374824308, 1.4193945718261431, 1.4122089170060068, 1.5457952899752923, 1.461474819003411, 1.3899138558585689, 1.4078522988085478, 1.4594803216322414, 1.4009336008215851, 1.489243984222412, 1.3810606947485007, 1.4559883936396185, 1.429953953005233, 1.4516682669801533, 1.371621309586291, 1.4761947685817502, 1.4557481711765505, 1.514788308233585, 1.479199301521733, 1.4941161488587003, 1.371679832350533, 1.5053024157038275, 1.5076089805027224, 1.4865543842315674, 1.5051579632849064, 1.5084623930589207], "val_acc": [0.5023584905660378, 0.5023584905660378, 0.5023584905660378, 0.5023584905660378, 0.5023584905660378, 0.5023584905660378, 0.5023584905660378, 0.5023584905660378, 0.5023584905660378, 0.5023584905660378, 0.5023584905660378, 0.5023584905660378, 0.5023584905660378, 0.5023584905660378, 0.5023584905660378, 0.5023584905660378, 0.5023584905660378, 0.5259433962264151, 0.5023584905660378, 0.5023584905660378, 0.5023584905660378, 0.5023584905660378, 0.5023584905660378, 0.5023584905660378, 0.5023584905660378, 0.5023584905660378, 0.5023584905660378, 0.5023584905660378, 0.5023584905660378, 0.5023584905660378, 0.5023584905660378, 0.5023584905660378, 0.5023584905660378, 0.5023584905660378, 0.5023584905660378, 0.5023584905660378, 0.5023584905660378, 0.5023584905660378, 0.5023584905660378, 0.5023584905660378, 0.5023584905660378, 0.5023584905660378, 0.5023584905660378, 0.5023584905660378, 0.5023584905660378, 0.5023584905660378, 0.5023584905660378, 0.5023584905660378, 0.5023584905660378, 0.5023584905660378, 0.5070754716981132, 0.5542452830188679, 0.5660377358490566, 0.5683962264150944, 0.5683962264150944, 0.5731132075471698, 0.5636792452830188, 0.5731132075471698, 0.5731132075471698, 0.5778301886792453, 0.5754716981132075, 0.5683962264150944, 0.5660377358490566, 0.5660377358490566, 0.5731132075471698, 0.5683962264150944, 0.5707547169811321, 0.5707547169811321, 0.5731132075471698, 0.5542452830188679, 0.5613207547169812, 0.5754716981132075, 0.5613207547169812, 0.5919811320754716, 0.5778301886792453, 0.5542452830188679, 0.5801886792452831, 0.5400943396226415, 0.5448113207547169, 0.5636792452830188, 0.5589622641509434, 0.5377358490566038, 0.5566037735849056, 0.5636792452830188, 0.5566037735849056, 0.5471698113207547, 0.5707547169811321, 0.5448113207547169, 0.5518867924528302, 0.5683962264150944, 0.5589622641509434, 0.5, 0.5283018867924528, 0.5306603773584906, 0.5424528301886793, 0.5495283018867925, 0.5542452830188679, 0.5495283018867925, 0.5165094339622641, 0.5330188679245284], "loss": [2.2756814635391778, 1.968557899443534, 1.956962080712014, 1.9537543926396832, 1.9486948874543464, 1.9458583094549518, 1.9444536427234083, 1.943520269213557, 1.9469907700874562, 1.9469168163642252, 1.9433971547629534, 1.947113619910346, 1.9385414537808574, 1.9346001663952008, 1.92535093405568, 1.9042365519994822, 1.8929816033541451, 1.8348829033245149, 1.9610800884012354, 1.9433152382537264, 1.9415337565942858, 1.9442105918911332, 1.9419831198157993, 1.9398476725210816, 1.9409560599225633, 1.9416890493803272, 1.9428574666909293, 1.9413578662466495, 1.941692370894953, 1.9406810322551862, 1.94073071096524, 1.94157165951199, 1.9417725246285151, 1.938134038420152, 1.9388395561957754, 1.94141902878493, 1.938236480345399, 1.9390373475162694, 1.9384794717139386, 1.9391782869965755, 1.9382258605731577, 1.9387459628125454, 1.93851693217636, 1.9396623956396224, 1.9382133875614644, 1.9397042048456539, 1.9372573287774486, 1.9389967067303668, 1.9266465186509116, 1.8655806486770052, 1.7725634242344128, 1.74694751706811, 1.6823666963735089, 1.6655425957754149, 1.648252923156071, 1.6267821853606133, 1.6183500270189686, 1.608482163284969, 1.5865341667306057, 1.587571243304169, 1.5592658353471869, 1.5631283941562013, 1.5433429008961852, 1.5407695417990357, 1.5336135453929856, 1.5389356542704518, 1.5130321159430429, 1.4712054709734363, 1.4700837820134265, 1.4567762841569616, 1.4492608849883926, 1.4435146489041917, 1.4198599058967392, 1.4274784380098888, 1.4152660761600973, 1.3778383827660383, 1.3923712625007538, 1.3567574244018987, 1.4059274689807395, 1.385411023248172, 1.3077290404772928, 1.3036965340305446, 1.2912958116396098, 1.3298832048479265, 1.2775100790862497, 1.283616649625431, 1.2882849248588508, 1.238998289085731, 1.2703068918652005, 1.2152699663283977, 1.2379560907399965, 1.2276864764820037, 1.1868947561187384, 1.2411038044214813, 1.1741057561080788, 1.1330139746902683, 1.1476246549728069, 1.1674665020994544, 1.1034277105444148, 1.1575074364953006], "acc": [0.45744680858109293, 0.4651300236406619, 0.46513002378157126, 0.4651300236406619, 0.46513002378157126, 0.46513002349975263, 0.4651300236406619, 0.46513002342929793, 0.46513002406338994, 0.46513002406338994, 0.46513002406338994, 0.46513002378157126, 0.4651300235702073, 0.4651300233588433, 0.4651300239224806, 0.46513002342929793, 0.46513002349975263, 0.48049645404161856, 0.44739952718676124, 0.4651300235702073, 0.46513002349975263, 0.4651300237111166, 0.4651300236406619, 0.4651300237111166, 0.4651300236406619, 0.46513002342929793, 0.46513002378157126, 0.4651300237111166, 0.46513002349975263, 0.46513002349975263, 0.46513002378157126, 0.46513002406338994, 0.46513002378157126, 0.4651300237111166, 0.46513002342929793, 0.4651300233588433, 0.4651300236406619, 0.4651300233588433, 0.46513002378157126, 0.46513002349975263, 0.46513002342929793, 0.4651300236406619, 0.46513002349975263, 0.4651300236406619, 0.46513002342929793, 0.46513002378157126, 0.4651300236406619, 0.4651300236406619, 0.4651300233588433, 0.46513002378157126, 0.4976359335947826, 0.5124113475177305, 0.524822694824097, 0.5295508274231678, 0.5260047281323877, 0.5319148936874759, 0.534869976782066, 0.5378250588902909, 0.531914893476112, 0.5407801417030623, 0.5407801422666996, 0.5348699762184287, 0.543144208460553, 0.5419621749408984, 0.5395981085356809, 0.5354609927668921, 0.5490543730997306, 0.5484633567626312, 0.5401891254364176, 0.5508274232383034, 0.5537825056283469, 0.5561465718926549, 0.5614657211106437, 0.5496453901413767, 0.5561465725267469, 0.5591016549167903, 0.5596926715357083, 0.5650118204718786, 0.5520094564056848, 0.564420803359778, 0.5709219859565121, 0.5703309692671394, 0.5667848703990873, 0.566193853005168, 0.5833333334742427, 0.5768321510888724, 0.5780141842562538, 0.5933806146572104, 0.5845153661484414, 0.5963356972586179, 0.5833333337560613, 0.5839243498817966, 0.5975177302146353, 0.5892434989588762, 0.5981087471858266, 0.608747044635439, 0.608156028227885, 0.6028368797144428, 0.6229314416576502, 0.617021276313926]}