{"val_loss": [1.9648343283554603, 1.9958027477922111, 1.9238344225390205, 1.9497550273763722, 1.9685914269809066, 1.9458372510712723, 1.9560092399860252, 1.9320886052888016, 1.935712847216376, 1.9381640615134403, 1.928810982868589, 1.9448726834922, 1.9471616991635026, 1.9609276919529355, 1.9300508170292294, 1.9319317011997617, 1.945715460284003, 1.9362309225674332, 1.9435031414031982, 1.9353154034450137, 1.935238846417131, 1.9331751938523918, 1.935901954256255, 1.9372355115824733, 1.9194934368133545, 1.9095260768101132, 1.8671831180309426, 1.8419815918494915, 1.818241028950132, 1.8761255823332688, 1.7091066755097488, 1.854380204759795, 1.792592426826214, 1.744194898112067, 1.6636412719200397, 1.749804973602295, 1.6626870426638374, 1.6533791772250472, 1.6339269506520238, 1.6134867914791764, 1.6274367858623635, 1.6295464860981907, 1.6367604321446911, 1.6657525342086266, 1.6510824992738922, 1.5696975938205062, 1.6698131807919205, 1.80679465162343, 1.6345141180630387, 1.6786768683071793, 1.6852665934069404, 1.8171690291371838, 1.6749987520020584, 1.6240461242610011, 1.7147655158207333, 1.6511166671226765, 1.7087790966033936, 1.730222044319942, 1.8546664016000156, 1.6860436077775627, 1.7325091033146298, 1.8135999235613594, 1.8217489143897747, 1.7679005244682575, 1.7512293273004993, 1.8732352585628116, 1.9059356327714592, 1.700221168583837, 1.8244595527648926, 1.7781755513158337, 1.8598132544550403, 2.456264800038831, 1.9095974543998981, 1.831219040114304, 2.0734984956938645, 1.874035276215652, 1.851789688241893, 1.9863817034096554, 2.0824857086970887, 2.038732808211754, 1.8720074522084202, 2.4891948042244745, 2.3579710680862953, 1.9945148106279045, 1.9091575227934738, 1.9817234729898388, 2.126172871425234, 1.9699157681958428, 2.5164389610290527, 2.1161847278989594, 2.480187358527348, 2.545574484200313, 2.723407868681283, 2.3649263628597916, 2.2656021118164062, 2.4632254140130403, 2.698928084866754, 2.552996355911781, 2.733383055390983, 2.093254253782075], "val_acc": [0.4870689655172414, 0.4870689655172414, 0.4870689655172414, 0.4870689655172414, 0.4870689655172414, 0.4870689655172414, 0.4870689655172414, 0.4870689655172414, 0.4870689655172414, 0.4870689655172414, 0.4870689655172414, 0.4870689655172414, 0.4870689655172414, 0.4870689655172414, 0.4870689655172414, 0.4870689655172414, 0.4870689655172414, 0.4870689655172414, 0.4870689655172414, 0.4870689655172414, 0.4870689655172414, 0.4870689655172414, 0.4870689655172414, 0.4870689655172414, 0.4870689655172414, 0.4870689655172414, 0.4870689655172414, 0.4870689655172414, 0.4870689655172414, 0.4870689655172414, 0.521551724137931, 0.5086206896551724, 0.5129310344827587, 0.5172413793103449, 0.5258620689655172, 0.5129310344827587, 0.5129310344827587, 0.5172413793103449, 0.5387931034482759, 0.5431034482758621, 0.5387931034482759, 0.5258620689655172, 0.521551724137931, 0.5129310344827587, 0.5344827586206896, 0.5344827586206896, 0.5344827586206896, 0.5086206896551724, 0.5344827586206896, 0.5172413793103449, 0.5301724137931034, 0.5258620689655172, 0.5387931034482759, 0.521551724137931, 0.5258620689655172, 0.5258620689655172, 0.5129310344827587, 0.5, 0.521551724137931, 0.5517241379310345, 0.521551724137931, 0.4482758620689655, 0.5, 0.5129310344827587, 0.5344827586206896, 0.4870689655172414, 0.5086206896551724, 0.5387931034482759, 0.5086206896551724, 0.5129310344827587, 0.5086206896551724, 0.4956896551724138, 0.5172413793103449, 0.5129310344827587, 0.44396551724137934, 0.5258620689655172, 0.5258620689655172, 0.5086206896551724, 0.47844827586206895, 0.5, 0.4870689655172414, 0.47844827586206895, 0.4525862068965517, 0.4525862068965517, 0.47844827586206895, 0.46551724137931033, 0.47413793103448276, 0.4870689655172414, 0.4827586206896552, 0.46120689655172414, 0.49137931034482757, 0.4396551724137931, 0.4827586206896552, 0.41810344827586204, 0.46551724137931033, 0.46120689655172414, 0.49137931034482757, 0.4525862068965517, 0.4870689655172414, 0.4698275862068966], "loss": [2.2872322679082036, 1.8924969305723776, 1.8814955511134424, 1.875487243458306, 1.8702587250507239, 1.885166843732198, 1.8743234516738296, 1.8783164039834754, 1.8679036609022133, 1.867204331216358, 1.8625108793184355, 1.8669656840237705, 1.86380385320424, 1.8619666419504008, 1.8688613857541765, 1.859555035442501, 1.859986273757307, 1.8666740924248963, 1.8643541222526914, 1.8588953348465296, 1.8580568285731527, 1.8590699537491902, 1.867026364648497, 1.859164774675906, 1.8572180348557312, 1.8528786407404647, 1.8243429325359724, 1.788744778860183, 1.76980527396842, 1.727977715013347, 1.6685214858034472, 1.650578048322108, 1.598249144884415, 1.5976041297375898, 1.557284107972017, 1.5843519333637122, 1.5309746182842172, 1.5249333206193272, 1.5617957486734761, 1.5049984955684448, 1.49531166326432, 1.460317756706502, 1.4898648458125787, 1.4780633661138032, 1.4647826265979123, 1.4285066659316357, 1.447834716214762, 1.4413957389402183, 1.417477402078125, 1.4022620962811756, 1.3838903284692146, 1.3445742377987155, 1.4024880327187574, 1.3378364879847604, 1.3138487271932295, 1.3167070826410732, 1.3214604245635855, 1.2778436172576177, 1.2406044032150534, 1.238027249321793, 1.2626848437569358, 1.2115078204638, 1.208048559370495, 1.1880652739372088, 1.216005683461309, 1.1885338381771402, 1.111244521615825, 1.122413452053483, 1.1323561931585338, 1.1471443823921732, 1.0443153014946809, 1.1154674983127808, 1.0424725751340131, 1.065345384083785, 1.0568198135920934, 0.9870573671865257, 1.0097921364235156, 0.9312342219538503, 1.024785439689438, 0.9699513220683836, 0.9590725016284298, 0.8944242591465706, 0.8915511689660869, 0.8506758543320032, 0.9150694569984039, 0.868308577702675, 0.8580416146810953, 0.930141561475151, 0.7412541991188413, 0.7525678945310188, 0.7844629210311097, 0.7319989810774337, 0.6841624910697276, 0.7908810152635946, 0.7322641582716078, 0.6481123099595437, 0.7400988438428738, 0.6784260789037266, 0.7191725440355606, 0.7226049969722699], "acc": [0.4924242425532568, 0.4978354974484547, 0.4978354979645122, 0.4978354979645122, 0.4978354973194403, 0.49783549860958415, 0.4978354974484547, 0.4978354973194403, 0.4978354974484547, 0.49783549783549785, 0.4978354973194403, 0.4978354980935266, 0.49783549783549785, 0.4978354979645122, 0.4978354975774691, 0.49783549783549785, 0.49783549860958415, 0.49783549783549785, 0.4978354974484547, 0.4978354973194403, 0.4978354974484547, 0.49783549706141156, 0.49783549783549785, 0.4978354975774691, 0.49783549783549785, 0.4978354973194403, 0.4978354974484547, 0.49783549860958415, 0.4978354975774691, 0.5032467540208395, 0.530303029528944, 0.538961038961039, 0.5487012979272125, 0.5562770558900131, 0.5638528146269002, 0.5454545446804592, 0.55627705550297, 0.5595238095238095, 0.5616883116883117, 0.5703463208623779, 0.5746753249333535, 0.5703463206043491, 0.5790043292623578, 0.5670995668415383, 0.5670995673575958, 0.5790043284882714, 0.5757575752415183, 0.574675325449411, 0.5768398268398268, 0.575757575499547, 0.5768398265817981, 0.5898268403428973, 0.5811688311688312, 0.5876623371462801, 0.5876623374043088, 0.5919913421203564, 0.6006493503913218, 0.5963203460623175, 0.5941558436397866, 0.6158008658008658, 0.5854978352398067, 0.6082251089991946, 0.5984848477107622, 0.6147186142025571, 0.6071428568848284, 0.595238094464009, 0.6179653677073392, 0.6255411263152119, 0.6255411257991543, 0.609307358533273, 0.6341991344571629, 0.6201298693557838, 0.648268397494312, 0.6428571428571429, 0.6352813847653278, 0.6450216455377026, 0.6482683982683982, 0.6731601734182019, 0.6374458874458875, 0.6601731596571027, 0.6666666671827242, 0.6764069266649552, 0.6785714277973423, 0.6958874453713884, 0.6742424239843955, 0.6861471869212724, 0.7088744581003725, 0.6883116890857746, 0.7348484851065136, 0.7272727280468135, 0.7196969691809122, 0.7435064935064936, 0.7424242416501561, 0.7142857142857143, 0.7435064940225511, 0.7694805187064332, 0.7510822518563374, 0.7489177481436626, 0.7532467537628108, 0.7489177496918352]}