{"val_loss": [1.9956359368450236, 1.8560232373903383, 1.6108286200829272, 1.632267324429638, 1.459604245311809, 1.4899899712148703, 1.4540611820400886, 1.4559124820637253, 1.468218796658066, 1.362212471242221, 1.4597362369861242, 1.3830866138890106, 1.470938781522355, 1.429392470503753, 1.354127991874263, 1.4759385698246505, 1.3613067887864023, 1.3221549268038768, 1.3945611422916628, 1.3750961141766243, 1.5305209114866436, 1.364305518708139, 1.4609887622437387, 1.3743476935152739, 1.3797657804669075, 1.325334832353412, 1.3560789688578192, 1.4055004209842321, 1.3668267007143993, 1.3808804210626855, 1.361951177974917, 1.5507791357220344, 1.545108435288915, 1.3261092158983339, 1.4263207192690868, 1.4059689382337175, 1.359665238632346, 1.4917452357849985, 1.4011107885612633, 1.5968850761089686, 1.3858550989402916, 1.4571107614715144, 1.3978852370999895, 1.373875028682205, 1.5099519806088142, 1.5229761083171052, 1.4212956316066239, 1.4965406048972651, 1.6082705326800077, 1.3748326841390357, 1.4966326569611172, 1.4459140593150877, 1.440301517270646, 1.3793482757964224, 1.6163941801718946, 1.4836515885479045, 1.4838635696555085, 1.74106173245412, 1.4195547261328068, 1.5018781783445827, 1.7211182207431432, 1.5195094279523165, 1.546372280930573, 1.5674953933032054, 1.5630171771319408, 1.4039930645025, 1.4615763808196445, 1.591301625629641, 1.6850374172318656, 1.7983266025219324, 1.5942019808967158, 1.6703702998611163, 1.7723682331589032, 1.6468824440578245, 1.7778150158108406, 1.7007504364229598, 1.5427910269431349, 1.594441776005727, 1.630891224123397, 1.6254703368780747, 1.6659399248519033, 1.723409337817498, 1.5706454065610778, 1.6920825895273461, 1.7473383961983446, 1.6953864502456952, 1.5067775316958159, 1.6478337701761498, 1.759140064131539, 1.5821522046934884, 1.8033940027344901, 1.784282700070795, 1.6797979260390659, 1.8417655971815001, 1.7457641138220734, 1.8153265962060892, 1.9377409377188053, 1.8127226537128664, 1.741642861996057, 1.5998051548903842], "val_acc": [0.4410377358490566, 0.4410377358490566, 0.5283018867924528, 0.49292452830188677, 0.5330188679245284, 0.5377358490566038, 0.5283018867924528, 0.5094339622641509, 0.5235849056603774, 0.5235849056603774, 0.46226415094339623, 0.5400943396226415, 0.5235849056603774, 0.49764150943396224, 0.5188679245283019, 0.4834905660377358, 0.5283018867924528, 0.5542452830188679, 0.5306603773584906, 0.5188679245283019, 0.5188679245283019, 0.5212264150943396, 0.49764150943396224, 0.5306603773584906, 0.5636792452830188, 0.5660377358490566, 0.5330188679245284, 0.5518867924528302, 0.49528301886792453, 0.49528301886792453, 0.5400943396226415, 0.46226415094339623, 0.45047169811320753, 0.5424528301886793, 0.5070754716981132, 0.5212264150943396, 0.5330188679245284, 0.5188679245283019, 0.5165094339622641, 0.4811320754716981, 0.4882075471698113, 0.49056603773584906, 0.5306603773584906, 0.535377358490566, 0.5212264150943396, 0.4669811320754717, 0.49764150943396224, 0.5117924528301887, 0.49528301886792453, 0.5542452830188679, 0.49056603773584906, 0.5377358490566038, 0.5188679245283019, 0.5094339622641509, 0.5306603773584906, 0.5117924528301887, 0.5188679245283019, 0.5235849056603774, 0.5094339622641509, 0.5, 0.5188679245283019, 0.5330188679245284, 0.5, 0.5283018867924528, 0.5306603773584906, 0.5683962264150944, 0.5283018867924528, 0.5141509433962265, 0.5377358490566038, 0.49764150943396224, 0.5047169811320755, 0.5, 0.5471698113207547, 0.5023584905660378, 0.5306603773584906, 0.5471698113207547, 0.5448113207547169, 0.5117924528301887, 0.5377358490566038, 0.5165094339622641, 0.5188679245283019, 0.5212264150943396, 0.4811320754716981, 0.5448113207547169, 0.49528301886792453, 0.5, 0.5542452830188679, 0.5542452830188679, 0.5023584905660378, 0.5495283018867925, 0.5471698113207547, 0.4740566037735849, 0.49764150943396224, 0.4882075471698113, 0.535377358490566, 0.5330188679245284, 0.5023584905660378, 0.49292452830188677, 0.5141509433962265, 0.535377358490566], "loss": [2.1677401234917606, 1.8824306123363774, 1.7479752195078713, 1.5532294114430745, 1.5211936987883656, 1.5192109611299303, 1.4560070398569671, 1.4242045769454739, 1.4100925942121105, 1.3898551134352988, 1.3810709785344188, 1.3564428682868361, 1.3433949465447284, 1.3252117433728337, 1.290220690111742, 1.2749738371964041, 1.3000313514231507, 1.2435676854271134, 1.2214450681181381, 1.1964372340105387, 1.2070455665284014, 1.1845420412983454, 1.2187034765315676, 1.170232005153142, 1.1260277168125126, 1.1146423958999327, 1.1091455756631585, 1.0990043462872787, 1.0782563755416419, 1.0594320880605819, 1.0554123637805877, 1.0380360395350354, 1.0280886703912813, 1.0215674221656565, 1.021499515847957, 0.9893478630000536, 1.0002694341307836, 0.9533926926324272, 0.9608254484814673, 0.9502045826427198, 0.9890325652792099, 0.9378340309111503, 0.9227436321565163, 0.968664817212603, 0.9060536856910579, 0.979697042604992, 0.913834010314716, 0.8834785606280569, 0.8784703207917811, 0.8960898207152707, 0.867143752868012, 0.8726950397728183, 0.8193427224249422, 0.8445845653542954, 0.8275837564299292, 0.8244146694810114, 0.8102841633713274, 0.7839096770500742, 0.8850179317431529, 0.829617077718108, 0.8356722779307805, 0.813149168136272, 0.7554361629993358, 0.7981846610141421, 0.8249952593030095, 0.8576422523944935, 0.7958584153060372, 0.7436858608649414, 0.7986356087610231, 0.7523099120627058, 0.8278562249021327, 0.8103128947828396, 0.7545630130080184, 0.7217653510700163, 0.7637084158881619, 0.7490638664991861, 0.7922829388163051, 0.8377349590860642, 0.7663341016634136, 0.7594939873291809, 0.6959671798045471, 0.815170759004904, 0.7401437491671695, 0.7058976082655273, 0.6948959879559546, 0.7674053060529362, 0.7249943141959801, 0.7384871960954463, 0.7586597325390394, 0.8000337728090038, 0.7361993092171689, 0.720327352237476, 0.7196546564710901, 0.7365451673525727, 0.701998925519046, 0.6710255161526637, 0.7390403206466784, 0.7871780854872215, 0.7482247117281524, 0.7455011330034153], "acc": [0.47281323884114024, 0.48049645368934524, 0.490543735295041, 0.5307328603087306, 0.5319148940397492, 0.5200945623659354, 0.5384160753682996, 0.543144208037825, 0.541371158181071, 0.552600472954148, 0.5289598106633405, 0.5378250591016549, 0.5443262412756611, 0.5413711585333443, 0.5478723404255319, 0.5573286056236736, 0.549054373663368, 0.5591016552690636, 0.5721040189125296, 0.5880614661437682, 0.5667848703990873, 0.5774231678486997, 0.5667848703990873, 0.5732860520799109, 0.5768321513706911, 0.5880614652983122, 0.5992907802827533, 0.5910165484633569, 0.5981087474676452, 0.5986997633115619, 0.6034278961219968, 0.6016548463356974, 0.6105200941399198, 0.6028368798553521, 0.6122931440671285, 0.6235224589106603, 0.6122931440671285, 0.631205674040684, 0.6270685574968937, 0.6365248231177635, 0.6229314425031063, 0.6371158391025895, 0.6459810877522678, 0.6276595743271758, 0.6412529552236517, 0.6252955082742316, 0.6252955086969596, 0.6595744682260157, 0.6601654844222058, 0.650118203450602, 0.648936169790038, 0.6542553190080268, 0.6814420803782506, 0.667257682792402, 0.6778959810874704, 0.6637115836425312, 0.6849881793872121, 0.6908983450127549, 0.6589834512548244, 0.6761229315829898, 0.6708037827877288, 0.6778959813692891, 0.7080378250591016, 0.6826241134751773, 0.6814420803782506, 0.6619385345607784, 0.6832151298827314, 0.709219858015119, 0.682033096926714, 0.7074468080879103, 0.6778959809465611, 0.6873522462856121, 0.7044917256274121, 0.7109929079423277, 0.6979905435943152, 0.7062647749909836, 0.7044917254865029, 0.674940898063335, 0.7044917259092308, 0.70094562675936, 0.7358156024141514, 0.673167848417945, 0.7086288417484743, 0.7080378246363737, 0.7245862888388036, 0.7009456264775413, 0.7222222226449502, 0.7109929075195998, 0.7109929080832371, 0.6932624116293363, 0.7127659571649898, 0.7145390072331079, 0.7192671397617241, 0.7080378253409203, 0.7352245864293254, 0.7269503543281104, 0.7115839244907911, 0.6932624117702457, 0.71690307370878, 0.7021276597153774]}