{"val_loss": [1.843977757569017, 1.769145496960344, 1.7975617030571247, 1.7543732030638333, 1.75421325913791, 1.7434875533498566, 1.7704842809973091, 1.7282292719545036, 1.7077535658047116, 1.585902604563483, 1.3654856990123618, 1.2857355043805878, 1.3045378265709713, 1.3548704889313927, 1.2946459301586808, 1.2918972969055176, 1.379876917806165, 1.4057824488343864, 1.3748045625357792, 1.256555604523626, 1.33674143100607, 1.3960328143218468, 1.3212241982591564, 1.2651011614963925, 1.436400158651944, 1.3323452082173577, 1.3131904766477387, 1.2459620895056889, 1.5014654541837757, 1.2744881777927792, 1.232725348965875, 1.3511794147820309, 1.2848746756027485, 1.4428060774145455, 1.2972885061954629, 1.4799609369245068, 1.378957585014146, 1.366827027551059, 1.2572500068565895, 1.2806461710354378, 1.509385834480154, 1.4929252225777199, 1.5582804700423931, 1.333257208610403, 1.4406336432900921, 1.600120211469716, 1.5283069405062446, 1.3859705287834694, 1.5884665713228028, 1.4424755357462784, 1.546108369169564, 1.4687768590861354, 1.7230267853572452, 1.730046137653548, 1.3506307581375385, 1.5292157602721248, 1.5556942738335708, 1.923596193050516, 1.5679690714540153, 1.6435593428282902, 1.6803774998105805, 1.9374756299216171, 1.9008303705988259, 2.080610758271711, 1.7809419488084728, 1.4996076616747627, 2.0288455691830865, 1.8850564627811826, 1.93814859719112, 1.8204685511260197, 2.186192547452861, 1.7663051259928737, 2.139386848129075, 1.8724504894223706, 1.6766115252313942, 1.9214233242232224, 1.867006540298462, 1.7150989524249374, 1.8644347046983654, 1.7700942384785618, 1.81846546304637, 1.8667660006161393, 1.9450424334098553, 2.316948944124682, 1.9733079158026596, 1.783388643429197, 1.8971840235693702, 1.887402174801662, 1.924694011951315, 2.4538280984451033, 2.0159691346102746, 2.143251160095478, 2.0452869513939165, 2.2637476458631713, 2.0690351436878074, 2.0643707986535698, 2.18127206276203, 1.9755697301749526, 2.1649275524862883, 1.9876319642724662], "val_acc": [0.5172413793103449, 0.5172413793103449, 0.5172413793103449, 0.5172413793103449, 0.5172413793103449, 0.5172413793103449, 0.5172413793103449, 0.5172413793103449, 0.5172413793103449, 0.5172413793103449, 0.6293103448275862, 0.6422413793103449, 0.6379310344827587, 0.6637931034482759, 0.6551724137931034, 0.6379310344827587, 0.646551724137931, 0.5387931034482759, 0.603448275862069, 0.6077586206896551, 0.5732758620689655, 0.5301724137931034, 0.5129310344827587, 0.625, 0.5862068965517241, 0.5172413793103449, 0.5344827586206896, 0.6336206896551724, 0.6077586206896551, 0.603448275862069, 0.6163793103448276, 0.5732758620689655, 0.6206896551724138, 0.6163793103448276, 0.603448275862069, 0.5775862068965517, 0.5646551724137931, 0.5818965517241379, 0.6077586206896551, 0.5560344827586207, 0.5086206896551724, 0.5603448275862069, 0.5517241379310345, 0.603448275862069, 0.4956896551724138, 0.5474137931034483, 0.5129310344827587, 0.5818965517241379, 0.5301724137931034, 0.5387931034482759, 0.5258620689655172, 0.47844827586206895, 0.5474137931034483, 0.49137931034482757, 0.5905172413793104, 0.5431034482758621, 0.5818965517241379, 0.46551724137931033, 0.5431034482758621, 0.5646551724137931, 0.5258620689655172, 0.4827586206896552, 0.46551724137931033, 0.5258620689655172, 0.5, 0.5560344827586207, 0.4698275862068966, 0.4870689655172414, 0.5517241379310345, 0.5258620689655172, 0.4870689655172414, 0.4827586206896552, 0.47413793103448276, 0.5129310344827587, 0.5603448275862069, 0.49137931034482757, 0.46120689655172414, 0.5258620689655172, 0.5172413793103449, 0.5, 0.5258620689655172, 0.4870689655172414, 0.4827586206896552, 0.521551724137931, 0.4870689655172414, 0.5431034482758621, 0.5301724137931034, 0.5646551724137931, 0.47844827586206895, 0.4956896551724138, 0.5172413793103449, 0.5560344827586207, 0.5172413793103449, 0.5387931034482759, 0.5129310344827587, 0.5646551724137931, 0.46120689655172414, 0.5905172413793104, 0.5344827586206896, 0.5129310344827587], "loss": [2.3722889593669345, 1.9450374903616967, 1.920748066592526, 1.9249549727419237, 1.919768727703012, 1.9084920470332687, 1.9026991485001206, 1.8859978723319577, 1.8370787503915431, 1.7335425666916422, 1.6576320603812411, 1.5948394320227883, 1.5547267699138427, 1.489428161542653, 1.537889890856557, 1.4154235749017625, 1.4030294614436822, 1.3919040016281656, 1.3755537436638043, 1.3474449564368178, 1.2842811542155939, 1.219428145782256, 1.2650580803553264, 1.1983822888626166, 1.2090756217122594, 1.21415892204681, 1.168355004095928, 1.2115982340011762, 1.1063914270628066, 1.1304920248655013, 1.0715824360455268, 1.0665051405564014, 1.0786417738183753, 1.0267343946865626, 0.9927375357904475, 1.0015339650116957, 1.005992803480718, 0.946278741865447, 0.9422228155714093, 0.9910804332592786, 0.9087123470905023, 0.9018338744516496, 0.8575215406748123, 0.8568818275030557, 0.8680132560399704, 0.8191309947988171, 0.875693612800532, 0.8459920441949522, 0.7857132208295715, 0.8084545986992973, 0.8152428638367426, 0.8163352575136985, 0.7191098426585589, 0.7013156393389681, 0.7551366294617261, 0.7024347730529257, 0.7287339537174671, 0.7197730378671126, 0.704135471092158, 0.6621303344185734, 0.6810062958564593, 0.6311277927774371, 0.6477768430204103, 0.6818631466849026, 0.5899309288887751, 0.7597787973684665, 0.6037381861633037, 0.6296618002833743, 0.6124658571693288, 0.5697539892547574, 0.5929237844107987, 0.658966233719995, 0.573498437156925, 0.5689725586862275, 0.6420559558001432, 0.5011546905938681, 0.6322514986321007, 0.5881251576658967, 0.688995208575096, 0.5433658627204565, 0.5818825650524784, 0.608556769885026, 0.6647023492819303, 0.48244529214256254, 0.49989942374167506, 0.5408406247308244, 0.578889988846593, 0.5004625978407922, 0.5623005533115172, 0.5333274040387307, 0.5528652954411197, 0.4410578893634664, 0.4426696607560823, 0.37998095090255074, 0.6005926305081422, 0.5143762870784446, 0.48409672191132713, 0.4733693999645514, 0.444489970867768, 0.5767634154914262], "acc": [0.47077922026316327, 0.4902597398726971, 0.49025974051776905, 0.49025974051776905, 0.49025974051776905, 0.49025973974368275, 0.49025973974368275, 0.4902597402597403, 0.4902597400017115, 0.4913419916000201, 0.4913419910839626, 0.5129870132450417, 0.5021645022935165, 0.5097402589661735, 0.5108225115965971, 0.5346320348900634, 0.5227272727272727, 0.5487012989593275, 0.5162337670078525, 0.5324675319514749, 0.5551948048077621, 0.5660173157592873, 0.5725108227688512, 0.5811688303947449, 0.5768398263237693, 0.5681818189559045, 0.582251081476996, 0.5844155838995269, 0.5952380960121816, 0.583333332559247, 0.614718615492701, 0.6233766226025371, 0.5963203468364039, 0.6168831173991745, 0.6298701293540724, 0.6179653679653679, 0.6309523801782947, 0.640692641466727, 0.6482683987844557, 0.6277056278346421, 0.6504329001748717, 0.6558441553280984, 0.6742424247584817, 0.6666666666666666, 0.6655844161004731, 0.6655844163585019, 0.6666666664086379, 0.6590909098649954, 0.6915584410423841, 0.6839826832085977, 0.6861471869212724, 0.6839826832085977, 0.7207792210372496, 0.7196969689228834, 0.70129870155673, 0.7348484843324273, 0.7045454550615121, 0.719696970471056, 0.7077922070181215, 0.7337662329921475, 0.7218614713454143, 0.7629870137610992, 0.7456709951549382, 0.7218614718614719, 0.7673160180901036, 0.7067099561938992, 0.7640692645853217, 0.7564935067515353, 0.7564935057194202, 0.7748917751498037, 0.7683982678822109, 0.7445887443307159, 0.7640692635532066, 0.7781385278804994, 0.7445887445887446, 0.8062770562770563, 0.7662337670078525, 0.7629870135030705, 0.7359307359307359, 0.7976190483931339, 0.7792207787047217, 0.7629870124709555, 0.7283549791290647, 0.8062770557609987, 0.8073593073593074, 0.7835497840658411, 0.7662337670078525, 0.8030303025142455, 0.7867965367965368, 0.7857142849401995, 0.7781385276224706, 0.8290043292623578, 0.8192640697801268, 0.851731602505688, 0.7673160170579886, 0.8019480524641095, 0.805194805452834, 0.822510821994765, 0.8268398268398268, 0.7781385276224706]}